emailAddress,link,name,phone
,https://www.yellowpages.com/brooklyn-ny/mip/franks-pizza-6689540?lid=1002010572852,Frank's Pizza,(877) 938-3865
mailto:reviews@pizzasnobo.com,https://www.yellowpages.com/new-york-ny/mip/famous-original-rays-pizza-459218516,,(212) 956-7297
mailto:info@rgbc.com,https://www.yellowpages.com/new-york-ny/mip/rockefeller-center-455621388,,(212) 332-6868
mailto:contact@olionyc.com,https://www.yellowpages.com/new-york-ny/mip/olio-e-pi-458022662,,(212) 243-6546
mailto:info@DLSPublicRelations.com,https://www.yellowpages.com/new-york-ny/mip/don-antonio-restaurant-470635766,,(646) 719-1043
mailto:bleeckerstreetpizza@gmail.com,https://www.yellowpages.com/new-york-ny/mip/bleecker-street-pizza-459715279,,(212) 924-4466
mailto:info@numero28.com,https://www.yellowpages.com/new-york-ny/mip/numero-28-482510744,,(212) 463-9653
,https://www.yellowpages.com/new-york-ny/mip/new-york-pizza-suprema-474314527,,(212) 594-8939
mailto:info@artichokepizza.com,https://www.yellowpages.com/new-york-ny/mip/artichoke-basilles-pizza-8020750,,(212) 228-2004
,https://www.yellowpages.com/new-york-ny/mip/vezzo-12313668,,(212) 839-8300
mailto:info@adriennespizzabarnyc.com,https://www.yellowpages.com/new-york-ny/mip/adriennes-pizzabar-481358332,,(212) 248-3838
mailto:info@kestepizzeria.com,https://www.yellowpages.com/new-york-ny/mip/keste-13169493,,(212) 243-1500
mailto:Capizzipizza@aol.com,https://www.yellowpages.com/new-york-ny/mip/capizzi-456812096,,(212) 695-6900
mailto:ribaltanewyork@ribaltapizzarestaurant.com,https://www.yellowpages.com/new-york-ny/mip/ribalta-471111632,,(212) 777-7781
mailto:info@uppny.com,https://www.yellowpages.com/new-york-ny/mip/uncle-pauls-pizza-471994593,,(212) 922-1200
mailto:araarp@aarp.org,https://www.yellowpages.com/new-york-ny/mip/pizza-shack-451911833,,(212) 477-3367
mailto:care@seamless.com,https://www.yellowpages.com/new-york-ny/mip/patzeria-perfect-pizza-inc-1950354,,(212) 575-7646
,https://www.yellowpages.com/new-york-ny/mip/johns-pizzeria-2355185,,(212) 391-7560
,https://www.yellowpages.com/new-york-ny/mip/sottocasa-pizzeria-526062417,,(646) 928-4870
mailto:info@nicksnyc.com,https://www.yellowpages.com/new-york-ny/mip/nicks-restaurant-pizzeria-6206625,,(212) 987-5700
,https://www.yellowpages.com/new-york-ny/mip/angelos-coal-oven-pizzeria-467072397,,(212) 333-4333
mailto:support@simplemenu.com,https://www.yellowpages.com/new-york-ny/mip/waldys-pizza-16097243,,(212) 213-5042
,https://www.yellowpages.com/new-york-ny/mip/b-side-pizzeria-507350190,,(646) 679-7225
mailto:ian.joespizza@gmail.com,https://www.yellowpages.com/new-york-ny/mip/joes-pizza-541240661,,(646) 559-4878
mailto:info@motorinopizza.com,https://www.yellowpages.com/new-york-ny/mip/motorino-456076517,,(212) 777-2644
mailto:dino@littleitalypizzany.com,https://www.yellowpages.com/new-york-ny/mip/little-italy-pizza-548371404,,(212) 730-7575
,https://www.yellowpages.com/new-york-ny/mip/dominos-pizza-461143845,,(212) 704-4251
mailto:Fdpizza@Gmail.com,https://www.yellowpages.com/new-york-ny/mip/freddie-pizza-4275083,,(212) 799-2378
mailto:noreply@ottopizzeria.com,https://www.yellowpages.com/new-york-ny/mip/otto-enoteca-e-pizzera-468301693,,(212) 995-9559
mailto:almasse@pazzanottenyc.com,https://www.yellowpages.com/new-york-ny/mip/pazza-notte-5877756,,(212) 765-6288
,https://www.yellowpages.com/new-york-ny/mip/san-matteo-pizza-espresso-bar-462440904,,(212) 426-6943
mailto:info@danoinyc.com,https://www.yellowpages.com/new-york-ny/mip/da-noi-midtown-manhattan-533587405?lid=1001682503858,Da Noi Midtown Manhattan,(347) 955-0067
,https://www.yellowpages.com/brooklyn-ny/mip/franks-pizza-6689540?lid=1002010572849,Frank's Pizza,(877) 938-3865
mailto:info@eastvillagepizza.net,https://www.yellowpages.com/new-york-ny/mip/east-village-pizza-4248797?lid=1001876481589,East Village Pizza,(212) 256-9954
